Steffon Baratheon, men
Cassana Estermont, women
Steffon Baratheon, father, Robert Baratheon
Steffon Baratheon, father, Stannis Baratheon
Steffon Baratheon, father, Renly Baratheon
Cassana Estermont, mother, Robert Baratheon
Cassana Estermont, mother, Stannis Baratheon
Cassana Estermont, mother, Renly Baratheon
Robert Baratheon, men
Stannis Baratheon, men
Renly Baratheon, men
Cersei Lannister, women
Selyse Baratheon, women
Margaery Tyrell, women
Robert Baratheon, father, Gendry
Cersei Lannister, mother, Joffrey Baratheon
Cersei Lannister, mother, Myrcella Baratheon
Cersei Lannister, mother, Tommen Baratheon
Stannis Baratheon, father, Shireen Baratheon
Selyse Baratheon, mother, Shireen Baratheon
Gendry, men
Joffrey Baratheon, men
Myrcella Baratheon, women
Tommen Baratheon, men
Shireen Baratheon, women
